{"cameraMode":{"drawMode":0,"name":"Shaded","section":"Shading Mode"},"sceneLighting":false,"audioPlay":false,"sceneViewState":{"showFog":true,"showMaterialUpdate":false,"showSkybox":false,"showFlares":true,"showImageEffects":true,"showParticleSystems":true},"in2DMode":false,"pivot":{"x":5.844260215759277,"y":-0.003765404224395752,"z":17.976346969604493},"rotation":{"x":-0.08102915436029434,"y":-0.5235400795936585,"z":0.05010431259870529,"w":-0.8466579914093018},"size":3.5031211376190187,"orthographic":false}