{"cameraMode":{"drawMode":0,"name":"Shaded","section":"Shading Mode"},"sceneLighting":false,"audioPlay":false,"sceneViewState":{"showFog":true,"showMaterialUpdate":false,"showSkybox":false,"showFlares":true,"showImageEffects":true,"showParticleSystems":true},"in2DMode":false,"pivot":{"x":-7.918017387390137,"y":1.3805279731750489,"z":13.156392097473145},"rotation":{"x":-0.1556824892759323,"y":-0.24496406316757203,"z":0.039886247366666797,"w":-0.9561195969581604},"size":6.386345863342285,"orthographic":false}