{"cameraMode":{"drawMode":0,"name":"Shaded","section":"Shading Mode"},"sceneLighting":false,"audioPlay":false,"sceneViewState":{"showFog":true,"showMaterialUpdate":false,"showSkybox":false,"showFlares":true,"showImageEffects":true,"showParticleSystems":true},"in2DMode":false,"pivot":{"x":-3.457611560821533,"y":1.9868520498275757,"z":17.68414878845215},"rotation":{"x":-0.047708868980407718,"y":-0.7145033478736877,"z":0.048956215381622317,"w":-0.6962845921516419},"size":11.23138427734375,"orthographic":false}