{"cameraMode":{"drawMode":0,"name":"Shaded","section":"Shading Mode"},"sceneLighting":false,"audioPlay":false,"sceneViewState":{"showFog":true,"showMaterialUpdate":false,"showSkybox":false,"showFlares":true,"showImageEffects":true,"showParticleSystems":true},"in2DMode":false,"pivot":{"x":0.17603759467601777,"y":0.1705494523048401,"z":1.1630992889404297},"rotation":{"x":-0.2600235939025879,"y":0.050365377217531207,"z":-0.013583349995315075,"w":-0.9641922116279602},"size":2.099822759628296,"orthographic":false}