{"cameraMode":{"drawMode":0,"name":"Shaded","section":"Shading Mode"},"sceneLighting":false,"audioPlay":false,"sceneViewState":{"showFog":true,"showMaterialUpdate":false,"showSkybox":false,"showFlares":true,"showImageEffects":true,"showParticleSystems":true},"in2DMode":false,"pivot":{"x":1.3771390914916993,"y":1.746265172958374,"z":2.407586097717285},"rotation":{"x":0.05267836153507233,"y":-0.8621146082878113,"z":0.09164193272590637,"w":0.4955655634403229},"size":7.706731796264648,"orthographic":false}