{"cameraMode":{"drawMode":0,"name":"Shaded","section":"Shading Mode"},"sceneLighting":false,"audioPlay":false,"sceneViewState":{"showFog":true,"showMaterialUpdate":false,"showSkybox":false,"showFlares":true,"showImageEffects":true,"showParticleSystems":true},"in2DMode":false,"pivot":{"x":-4.515997409820557,"y":1.3852665424346924,"z":20.330059051513673},"rotation":{"x":-0.013745546340942383,"y":0.09643682837486267,"z":-0.0013318924466148019,"w":-0.9952433705329895},"size":34.015621185302737,"orthographic":false}