{"cameraMode":{"drawMode":0,"name":"Shaded","section":"Shading Mode"},"sceneLighting":true,"audioPlay":false,"sceneViewState":{"showFog":true,"showMaterialUpdate":false,"showSkybox":true,"showFlares":true,"showImageEffects":true,"showParticleSystems":true},"in2DMode":false,"pivot":{"x":-32.943058013916019,"y":31.10616683959961,"z":142.70567321777345},"rotation":{"x":-0.32488447427749636,"y":-0.6209713816642761,"z":0.3152865171432495,"w":-0.639874279499054},"size":12.04647445678711,"orthographic":false}