{"cameraMode":{"drawMode":0,"name":"Shaded","section":"Shading Mode"},"sceneLighting":false,"audioPlay":false,"sceneViewState":{"showFog":true,"showMaterialUpdate":false,"showSkybox":false,"showFlares":true,"showImageEffects":true,"showParticleSystems":true},"in2DMode":false,"pivot":{"x":18.729999542236329,"y":0.908509373664856,"z":0.008196592330932618},"rotation":{"x":-0.15222543478012086,"y":-0.3539223074913025,"z":0.05850080028176308,"w":-0.9209474325180054},"size":6.41291618347168,"orthographic":false}