{"cameraMode":{"drawMode":0,"name":"Shaded","section":"Shading Mode"},"sceneLighting":false,"audioPlay":false,"sceneViewState":{"showFog":true,"showMaterialUpdate":false,"showSkybox":false,"showFlares":true,"showImageEffects":true,"showParticleSystems":true},"in2DMode":false,"pivot":{"x":15.067498207092286,"y":3.386235237121582,"z":-2.6247575283050539},"rotation":{"x":0.02984849363565445,"y":-0.5689572095870972,"z":0.020670471712946893,"w":0.8215653300285339},"size":0.00005715767838410102,"orthographic":false}