{"cameraMode":{"drawMode":0,"name":"Shaded","section":"Shading Mode"},"sceneLighting":false,"audioPlay":false,"sceneViewState":{"showFog":true,"showMaterialUpdate":false,"showSkybox":false,"showFlares":true,"showImageEffects":true,"showParticleSystems":true},"in2DMode":false,"pivot":{"x":2.1074769496917726,"y":1.3074504137039185,"z":-0.12315245717763901},"rotation":{"x":0.1556841880083084,"y":-0.5325191020965576,"z":0.10038097202777863,"w":0.8258991837501526},"size":7.491484642028809,"orthographic":false}