{"cameraMode":{"drawMode":0,"name":"Shaded","section":"Shading Mode"},"sceneLighting":false,"audioPlay":false,"sceneViewState":{"showFog":true,"showMaterialUpdate":false,"showSkybox":false,"showFlares":true,"showImageEffects":true,"showParticleSystems":true},"in2DMode":false,"pivot":{"x":3.2359209060668947,"y":1.9194464683532715,"z":3.705998420715332},"rotation":{"x":-0.11414837837219238,"y":0.6311008334159851,"z":-0.09461337327957154,"w":-0.7614001631736755},"size":10.0,"orthographic":false}