{"cameraMode":{"drawMode":0,"name":"Shaded","section":"Shading Mode"},"sceneLighting":false,"audioPlay":false,"sceneViewState":{"showFog":true,"showMaterialUpdate":false,"showSkybox":false,"showFlares":true,"showImageEffects":true,"showParticleSystems":true},"in2DMode":false,"pivot":{"x":0.0,"y":1.593158483505249,"z":0.05995607376098633},"rotation":{"x":0.2318669706583023,"y":0.006135322619229555,"z":-0.0014621601440012456,"w":0.9727271199226379},"size":3.4635283946990969,"orthographic":false}