{"cameraMode":{"drawMode":0,"name":"Shaded","section":"Shading Mode"},"sceneLighting":false,"audioPlay":false,"sceneViewState":{"showFog":true,"showMaterialUpdate":false,"showSkybox":false,"showFlares":true,"showImageEffects":true,"showParticleSystems":true},"in2DMode":false,"pivot":{"x":596.6176147460938,"y":-550.3392333984375,"z":-582.263671875},"rotation":{"x":0.09372875839471817,"y":0.9052869081497192,"z":-0.26996445655822756,"w":0.3143084943294525},"size":1470.29638671875,"orthographic":false}