{"cameraMode":{"drawMode":0,"name":"Shaded","section":"Shading Mode"},"sceneLighting":false,"audioPlay":false,"sceneViewState":{"showFog":true,"showMaterialUpdate":false,"showSkybox":false,"showFlares":true,"showImageEffects":true,"showParticleSystems":true},"in2DMode":false,"pivot":{"x":56.534942626953128,"y":-5.632955551147461,"z":25.547607421875},"rotation":{"x":0.06438181549310684,"y":0.45258980989456179,"z":-0.0327843576669693,"w":0.8887872099876404},"size":64.97589874267578,"orthographic":false}