{"cameraMode":{"drawMode":0,"name":"Shaded","section":"Shading Mode"},"sceneLighting":false,"audioPlay":false,"sceneViewState":{"showFog":true,"showMaterialUpdate":false,"showSkybox":false,"showFlares":true,"showImageEffects":true,"showParticleSystems":true},"in2DMode":false,"pivot":{"x":-3.156677484512329,"y":3.7164602279663088,"z":-4.167725086212158},"rotation":{"x":0.33554309606552126,"y":-0.0809473842382431,"z":0.028955915942788125,"w":0.9380937814712524},"size":9.741589546203614,"orthographic":false}